isMeta,domain,problem,searchTime,totalTime,wasSolutionFound
false, blocksworld, p3.pddl, 220, 220, false
false, blocksworld, p2.pddl, 196, 196, false
false, blocksworld, p1.pddl, 161, 161, false
false, blocksworld, p4.pddl, 131, 131, false
false, blocksworld, p5.pddl, 132, 132, false
false, blocksworld, p6.pddl, 133, 133, false
false, blocksworld, p7.pddl, 132, 132, false
false, blocksworld, p8.pddl, 132, 132, false
false, blocksworld, p9.pddl, 140, 140, false
false, blocksworld, p10.pddl, 141, 141, false
false, blocksworld, p11.pddl, 136, 136, false
false, blocksworld, p12.pddl, 135, 135, false
false, blocksworld, p13.pddl, 135, 135, false
false, blocksworld, p14.pddl, 134, 134, false
false, blocksworld, p15.pddl, 137, 137, false
false, blocksworld, p16.pddl, 143, 143, false
false, blocksworld, p17.pddl, 137, 137, false
false, blocksworld, p18.pddl, 135, 135, false
false, blocksworld, p19.pddl, 144, 144, false
false, blocksworld, p20.pddl, 145, 145, false
false, blocksworld, p21.pddl, 144, 144, false
false, blocksworld, p22.pddl, 151, 151, false
false, blocksworld, p24.pddl, 152, 152, false
false, blocksworld, p25.pddl, 149, 149, false
false, blocksworld, p26.pddl, 156, 156, false
false, blocksworld, p27.pddl, 158, 158, false
false, blocksworld, p28.pddl, 158, 158, false
false, blocksworld, p29.pddl, 166, 166, false
false, blocksworld, p30.pddl, 171, 171, false
false, blocksworld, p31.pddl, 166, 166, false
false, blocksworld, p32.pddl, 178, 178, false
false, blocksworld, p33.pddl, 174, 174, false
false, blocksworld, p34.pddl, 177, 177, false
false, blocksworld, p35.pddl, 172, 172, false
false, blocksworld, p36.pddl, 192, 192, false
false, blocksworld, p37.pddl, 188, 188, false
false, blocksworld, p38.pddl, 187, 187, false
false, blocksworld, p40.pddl, 197, 197, false
false, blocksworld, p41.pddl, 198, 198, false
false, blocksworld, p42.pddl, 203, 203, false
false, blocksworld, p43.pddl, 218, 218, false
false, blocksworld, p44.pddl, 211, 211, false
false, blocksworld, p45.pddl, 224, 224, false
true, blocksworld, p3.pddl, 141, 141, false
false, blocksworld, p46.pddl, 227, 227, false
false, blocksworld, p47.pddl, 226, 226, false
true, blocksworld, p2.pddl, 129, 129, false
true, blocksworld, p45.pddl, 208, 208, false
false, blocksworld, p63.pddl, 327, 327, false
false, blocksworld, p23.pddl, 150, 150, false
true, blocksworld, p1.pddl, 129, 129, false
false, blocksworld, p48.pddl, 228, 228, false
true, blocksworld, p23.pddl, 155, 155, false
true, blocksworld, p4.pddl, 131, 131, false
false, blocksworld, p49.pddl, 247, 247, false
true, blocksworld, p5.pddl, 133, 133, false
true, blocksworld, p6.pddl, 133, 133, false
true, blocksworld, p7.pddl, 136, 136, false
true, blocksworld, p8.pddl, 134, 134, false
false, blocksworld, p50.pddl, 250, 250, false
true, blocksworld, p9.pddl, 140, 140, false
true, blocksworld, p38.pddl, 186, 186, false
true, blocksworld, p42.pddl, 199, 199, false
false, blocksworld, p54.pddl, 280, 280, false
true, blocksworld, p27.pddl, 161, 161, false
true, blocksworld, p26.pddl, 160, 160, false
true, blocksworld, p25.pddl, 157, 157, false
true, blocksworld, p15.pddl, 144, 144, false
true, blocksworld, p43.pddl, 205, 205, false
false, blocksworld, p51.pddl, 248, 248, false
true, blocksworld, p35.pddl, 177, 177, false
true, blocksworld, p44.pddl, 205, 205, false
true, blocksworld, p63.pddl, 317, 317, false
false, blocksworld, p52.pddl, 250, 250, false
true, blocksworld, p41.pddl, 193, 193, false
false, blocksworld, p61.pddl, 308, 308, false
true, blocksworld, p28.pddl, 159, 159, false
false, blocksworld, p39.pddl, 201, 201, false
true, blocksworld, p24.pddl, 152, 152, false
true, blocksworld, p33.pddl, 177, 177, false
true, blocksworld, p49.pddl, 246, 246, false
true, blocksworld, p19.pddl, 145, 145, false
false, blocksworld, p56.pddl, 274, 274, false
true, blocksworld, p46.pddl, 218, 218, false
true, blocksworld, p40.pddl, 194, 194, false
true, blocksworld, p56.pddl, 271, 271, false
false, blocksworld, p60.pddl, 325, 325, false
true, blocksworld, p20.pddl, 146, 146, false
true, blocksworld, p48.pddl, 217, 217, false
true, blocksworld, p31.pddl, 164, 164, false
false, blocksworld, p55.pddl, 265, 265, false
false, blocksworld, p59.pddl, 289, 289, false
true, blocksworld, p47.pddl, 216, 216, false
true, blocksworld, p13.pddl, 137, 137, false
true, blocksworld, p37.pddl, 188, 188, false
true, blocksworld, p36.pddl, 187, 187, false
true, blocksworld, p29.pddl, 168, 168, false
true, blocksworld, p11.pddl, 137, 137, false
true, blocksworld, p18.pddl, 150, 150, false
true, blocksworld, p12.pddl, 136, 136, false
true, blocksworld, p32.pddl, 176, 176, false
true, blocksworld, p34.pddl, 179, 179, false
false, blocksworld, p53.pddl, 257, 257, false
false, blocksworld, p58.pddl, 322, 322, false
true, blocksworld, p10.pddl, 145, 145, false
true, blocksworld, p53.pddl, 252, 252, false
false, blocksworld, p57.pddl, 310, 310, false
true, blocksworld, p17.pddl, 143, 143, false
true, blocksworld, p54.pddl, 259, 259, false
true, blocksworld, p57.pddl, 263, 263, false
true, blocksworld, p21.pddl, 147, 147, false
true, blocksworld, p16.pddl, 141, 141, false
true, blocksworld, p51.pddl, 239, 239, false
false, blocksworld, p62.pddl, 335, 335, false
true, blocksworld, p52.pddl, 232, 232, false
true, blocksworld, p61.pddl, 284, 284, false
true, blocksworld, p14.pddl, 138, 138, false
true, blocksworld, p55.pddl, 250, 250, false
true, blocksworld, p62.pddl, 309, 309, false
true, blocksworld, p58.pddl, 311, 311, false
true, blocksworld, p60.pddl, 291, 291, false
true, blocksworld, p22.pddl, 154, 154, false
true, blocksworld, p50.pddl, 244, 244, false
true, blocksworld, p30.pddl, 170, 170, false
true, blocksworld, p39.pddl, 202, 202, false
true, blocksworld, p59.pddl, 276, 276, false
false, blocksworld, p64.pddl, 335, 335, false
false, blocksworld, p65.pddl, 334, 334, false
false, blocksworld, p66.pddl, 345, 345, false
true, blocksworld, p64.pddl, 323, 323, false
true, blocksworld, p65.pddl, 305, 305, false
true, blocksworld, p66.pddl, 302, 302, false
false, blocksworld, p67.pddl, 353, 353, false
false, blocksworld, p68.pddl, 373, 373, false
false, blocksworld, p69.pddl, 354, 354, false
true, blocksworld, p67.pddl, 313, 313, false
true, blocksworld, p68.pddl, 329, 329, false
false, blocksworld, p70.pddl, 387, 387, false
false, blocksworld, p71.pddl, 373, 373, false
true, blocksworld, p69.pddl, 379, 379, false
true, blocksworld, p70.pddl, 338, 338, false
false, blocksworld, p72.pddl, 384, 384, false
true, blocksworld, p71.pddl, 324, 324, false
false, blocksworld, p73.pddl, 402, 402, false
false, blocksworld, p75.pddl, 518, 518, false
false, blocksworld, p74.pddl, 424, 424, false
false, blocksworld, p76.pddl, 420, 420, false
true, blocksworld, p72.pddl, 351, 351, false
true, blocksworld, p73.pddl, 348, 348, false
true, blocksworld, p75.pddl, 425, 425, false
false, blocksworld, p77.pddl, 428, 428, false
true, blocksworld, p76.pddl, 358, 358, false
false, blocksworld, p79.pddl, 436, 436, false
true, blocksworld, p74.pddl, 355, 355, false
false, blocksworld, p80.pddl, 519, 519, false
true, blocksworld, p77.pddl, 388, 388, false
false, blocksworld, p78.pddl, 505, 505, false
false, blocksworld, p82.pddl, 462, 462, false
false, blocksworld, p81.pddl, 517, 517, false
true, blocksworld, p78.pddl, 395, 395, false
true, blocksworld, p79.pddl, 388, 388, false
false, blocksworld, p83.pddl, 551, 551, false
true, blocksworld, p80.pddl, 402, 402, false
false, blocksworld, p84.pddl, 580, 580, false
true, blocksworld, p83.pddl, 441, 441, false
true, blocksworld, p82.pddl, 410, 410, false
false, blocksworld, p85.pddl, 511, 511, false
true, blocksworld, p81.pddl, 451, 451, false
false, blocksworld, p86.pddl, 1544, 1544, false
false, blocksworld, p87.pddl, 570, 570, false
false, blocksworld, p88.pddl, 551, 551, false
true, blocksworld, p84.pddl, 438, 438, false
false, blocksworld, p89.pddl, 568, 568, false
false, blocksworld, p90.pddl, 572, 572, false
false, blocksworld, p91.pddl, 557, 557, false
true, blocksworld, p88.pddl, 442, 442, false
false, blocksworld, p92.pddl, 573, 573, false
true, blocksworld, p85.pddl, 485, 485, false
false, blocksworld, p93.pddl, 532, 532, false
true, blocksworld, p86.pddl, 1050, 1050, false
false, blocksworld, p94.pddl, 610, 610, false
true, blocksworld, p93.pddl, 467, 467, false
true, blocksworld, p87.pddl, 444, 444, false
false, blocksworld, p96.pddl, 594, 594, false
true, blocksworld, p89.pddl, 528, 528, false
true, blocksworld, p90.pddl, 577, 577, false
false, blocksworld, p95.pddl, 599, 599, false
true, blocksworld, p91.pddl, 477, 477, false
true, blocksworld, p92.pddl, 551, 551, false
false, blocksworld, p97.pddl, 722, 722, false
false, blocksworld, p98.pddl, 673, 673, false
false, blocksworld, p99.pddl, 743, 743, false
true, blocksworld, p94.pddl, 583, 583, false
false, blocksworld, p100.pddl, 153, 153, false
true, blocksworld, p96.pddl, 569, 569, false
false, blocksworld, p101.pddl, 137, 137, false
false, blocksworld, p102.pddl, 139, 139, false
false, blocksworld, p107.pddl, 180, 180, false
false, blocksworld, p103.pddl, 143, 143, false
true, blocksworld, p95.pddl, 541, 541, false
false, blocksworld, p104.pddl, 161, 161, false
true, blocksworld, p97.pddl, 591, 591, false
true, blocksworld, p98.pddl, 581, 581, false
false, blocksworld, p105.pddl, 167, 167, false
true, blocksworld, p104.pddl, 169, 169, false
false, blocksworld, p130.pddl, 1223, 1223, false
true, blocksworld, p105.pddl, 169, 169, false
false, blocksworld, p128.pddl, 592, 592, false
true, blocksworld, p99.pddl, 741, 741, false
false, blocksworld, p106.pddl, 189, 189, false
true, blocksworld, p100.pddl, 156, 156, false
false, blocksworld, p109.pddl, 205, 205, false
true, blocksworld, p101.pddl, 145, 145, false
false, blocksworld, p108.pddl, 195, 195, false
true, blocksworld, p102.pddl, 146, 146, false
true, blocksworld, p107.pddl, 182, 182, false
false, blocksworld, p138.pddl, 5692, 5692, false
false, blocksworld, p140.pddl, 30596, 30596, false
false, blocksworld, p120.pddl, 369, 369, false
true, blocksworld, p108.pddl, 186, 186, false
false, blocksworld, p129.pddl, 740, 740, false
true, blocksworld, p103.pddl, 146, 146, false
false, blocksworld, p111.pddl, 229, 229, false
false, blocksworld, p110.pddl, 223, 223, false
false, blocksworld, p112.pddl, 240, 240, false
false, blocksworld, p131.pddl, 1127, 1127, false
false, blocksworld, p113.pddl, 245, 245, false
true, blocksworld, p131.pddl, 1057, 1057, false
false, blocksworld, p124.pddl, 657, 657, false
true, blocksworld, p112.pddl, 232, 232, false
false, blocksworld, p123.pddl, 993, 993, false
false, blocksworld, p132.pddl, 1382, 1382, false
true, blocksworld, p130.pddl, 927, 927, false
false, blocksworld, p114.pddl, 276, 276, false
false, blocksworld, p134.pddl, 2282, 2282, false
true, blocksworld, p133.pddl, 3126, 3126, false
false, blocksworld, p135.pddl, 2446, 2446, false
true, blocksworld, p128.pddl, 517, 517, false
false, blocksworld, p115.pddl, 283, 283, false
true, blocksworld, p135.pddl, 2266, 2266, false
true, blocksworld, p106.pddl, 183, 183, false
false, blocksworld, p116.pddl, 322, 322, false
false, blocksworld, p136.pddl, 3696, 3696, false
false, blocksworld, p117.pddl, 320, 320, false
true, blocksworld, p109.pddl, 195, 195, false
false, blocksworld, p118.pddl, 342, 342, false
false, blocksworld, p139.pddl, 17827, 17827, false
false, blocksworld, p119.pddl, 345, 345, false
false, blocksworld, p121.pddl, 408, 408, false
false, blocksworld, p122.pddl, 424, 424, false
true, blocksworld, p138.pddl, 13682, 13682, false
true, blocksworld, p129.pddl, 716, 716, false
true, blocksworld, p120.pddl, 332, 332, false
true, blocksworld, p140.pddl, 11098, 11098, false
true, blocksworld, p110.pddl, 214, 214, false
true, blocksworld, p111.pddl, 216, 216, false
false, blocksworld, p125.pddl, 541, 541, false
false, blocksworld, p126.pddl, 511, 511, false
false, blocksworld, p127.pddl, 574, 574, false
true, blocksworld, p113.pddl, 238, 238, false
true, blocksworld, p124.pddl, 549, 549, false
true, blocksworld, p123.pddl, 681, 681, false
true, blocksworld, p132.pddl, 1084, 1084, false
true, blocksworld, p114.pddl, 263, 263, false
true, blocksworld, p134.pddl, 2934, 2934, false
true, blocksworld, p115.pddl, 267, 267, false
true, blocksworld, p116.pddl, 282, 282, false
true, blocksworld, p136.pddl, 6767, 6767, false
true, blocksworld, p117.pddl, 305, 305, false
true, blocksworld, p118.pddl, 315, 315, false
true, blocksworld, p139.pddl, 16460, 16460, false
true, blocksworld, p119.pddl, 305, 305, false
true, blocksworld, p121.pddl, 398, 398, false
true, blocksworld, p122.pddl, 382, 382, false
true, blocksworld, p125.pddl, 473, 473, false
true, blocksworld, p126.pddl, 457, 457, false
true, blocksworld, p127.pddl, 520, 520, false
false, blocksworld, p141.pddl, 14119, 14119, false
false, blocksworld, p142.pddl, 14912, 14912, false
false, blocksworld, p143.pddl, 15187, 15187, false
false, blocksworld, p144.pddl, 26965, 26965, false
false, blocksworld, p145.pddl, 30890, 30890, false
false, blocksworld, p146.pddl, 20438, 20438, false
false, blocksworld, p147.pddl, 19454, 19454, false
false, blocksworld, p149.pddl, 67442, 67442, false
false, blocksworld, p150.pddl, 96733, 96733, false
false, blocksworld, p151.pddl, 33756, 33756, false
false, blocksworld, p153.pddl, 70368, 70368, false
false, blocksworld, p154.pddl, 57948, 57948, false
false, blocksworld, p156.pddl, 221434, 221434, false
false, blocksworld, p157.pddl, 309000, 309000, false
false, blocksworld, p158.pddl, 395889, 395889, false
false, blocksworld, p161.pddl, 714439, 714439, false
false, blocksworld, p184.pddl, 112598, 112598, false
false, ferry, p16.pddl, 126, 126, false
false, blocksworld, p185.pddl, 115499, 115499, false
false, ferry, p17.pddl, 130, 130, false
false, blocksworld, p186.pddl, 117052, 117052, false
false, blocksworld, p187.pddl, 130089, 130089, false
false, ferry, p19.pddl, 132, 132, false
false, ferry, p20.pddl, 137, 137, false
false, blocksworld, p189.pddl, 138930, 138930, false
false, ferry, p1.pddl, 125, 125, false
false, ferry, p21.pddl, 136, 136, false
true, blocksworld, p143.pddl, 45402, 45402, false
true, blocksworld, p144.pddl, 39129, 39129, false
true, blocksworld, p147.pddl, 31852, 31852, false
true, blocksworld, p145.pddl, 34875, 34875, false
true, blocksworld, p146.pddl, 68165, 68165, false
false, ferry, p22.pddl, 141, 141, false
false, ferry, p23.pddl, 144, 144, false
false, blocksworld, p188.pddl, 134223, 134223, false
false, ferry, p2.pddl, 135, 135, false
true, blocksworld, p153.pddl, 161232, 161232, false
false, ferry, p24.pddl, 144, 144, false
false, ferry, p3.pddl, 129, 129, false
false, ferry, p25.pddl, 134, 134, false
false, ferry, p4.pddl, 141, 141, false
true, blocksworld, p151.pddl, 99937, 99937, false
false, ferry, p5.pddl, 144, 144, false
false, ferry, p18.pddl, 133, 133, false
false, ferry, p6.pddl, 126, 126, false
true, ferry, p6.pddl, 152, 152, false
true, ferry, p21.pddl, 149, 149, false
true, ferry, p18.pddl, 141, 141, false
true, blocksworld, p187.pddl, 123230, 123230, false
true, ferry, p22.pddl, 152, 152, false
false, ferry, p14.pddl, 128, 128, false
true, ferry, p2.pddl, 133, 133, false
true, blocksworld, p184.pddl, 105591, 105591, false
true, ferry, p24.pddl, 150, 150, false
true, ferry, p1.pddl, 133, 133, false
true, blocksworld, p185.pddl, 106532, 106532, false
false, ferry, p15.pddl, 129, 129, false
true, blocksworld, p186.pddl, 118006, 118006, false
false, ferry, p9.pddl, 131, 131, false
false, ferry, p8.pddl, 134, 134, false
true, ferry, p20.pddl, 148, 148, false
true, ferry, p5.pddl, 141, 141, false
false, ferry, p11.pddl, 130, 130, false
true, blocksworld, p189.pddl, 132804, 132804, false
true, ferry, p17.pddl, 146, 146, false
true, ferry, p11.pddl, 137, 137, false
false, ferry, p13.pddl, 127, 127, false
true, ferry, p23.pddl, 156, 156, false
true, ferry, p19.pddl, 149, 149, false
false, ferry, p10.pddl, 130, 130, false
false, ferry, p12.pddl, 156, 156, false
true, ferry, p4.pddl, 144, 144, false
true, blocksworld, p188.pddl, 129164, 129164, false
true, ferry, p16.pddl, 148, 148, false
false, ferry, p7.pddl, 137, 137, false
true, ferry, p25.pddl, 150, 150, false
true, ferry, p14.pddl, 135, 135, false
true, ferry, p3.pddl, 129, 129, false
true, ferry, p9.pddl, 144, 144, false
true, ferry, p15.pddl, 139, 139, false
true, ferry, p8.pddl, 146, 146, false
true, ferry, p12.pddl, 167, 167, false
true, ferry, p10.pddl, 155, 155, false
true, ferry, p13.pddl, 157, 157, false
true, ferry, p7.pddl, 147, 147, false
false, ferry, p26.pddl, 191, 191, false
false, ferry, p27.pddl, 199, 199, false
false, ferry, p28.pddl, 195, 195, false
false, ferry, p29.pddl, 167, 167, false
false, ferry, p30.pddl, 175, 175, false
false, ferry, p31.pddl, 164, 164, false
false, ferry, p32.pddl, 178, 178, false
false, ferry, p33.pddl, 182, 182, false
false, ferry, p34.pddl, 179, 179, false
false, ferry, p35.pddl, 162, 162, false
false, ferry, p36.pddl, 182, 182, false
false, ferry, p37.pddl, 152, 152, false
false, ferry, p38.pddl, 143, 143, false
false, ferry, p39.pddl, 146, 146, false
false, ferry, p40.pddl, 147, 147, false
false, ferry, p41.pddl, 150, 150, false
false, ferry, p42.pddl, 146, 146, false
false, ferry, p43.pddl, 150, 150, false
false, ferry, p44.pddl, 154, 154, false
false, ferry, p45.pddl, 178, 178, false
false, ferry, p46.pddl, 187, 187, false
false, ferry, p47.pddl, 179, 179, false
false, ferry, p48.pddl, 198, 198, false
false, ferry, p49.pddl, 198, 198, false
false, ferry, p50.pddl, 175, 175, false
false, ferry, p52.pddl, 178, 178, false
false, ferry, p51.pddl, 213, 213, false
false, ferry, p53.pddl, 183, 183, false
false, ferry, p54.pddl, 220, 220, false
false, ferry, p55.pddl, 208, 208, false
false, ferry, p56.pddl, 195, 195, false
false, ferry, p57.pddl, 208, 208, false
true, ferry, p26.pddl, 178, 178, false
false, ferry, p59.pddl, 207, 207, false
false, ferry, p60.pddl, 210, 210, false
true, ferry, p27.pddl, 187, 187, false
true, ferry, p59.pddl, 274, 274, false
true, ferry, p31.pddl, 204, 204, false
true, ferry, p29.pddl, 176, 176, false
false, ferry, p61.pddl, 218, 218, false
true, ferry, p30.pddl, 207, 207, false
true, ferry, p32.pddl, 184, 184, false
true, ferry, p61.pddl, 271, 271, false
false, ferry, p62.pddl, 189, 189, false
false, ferry, p63.pddl, 219, 219, false
true, ferry, p33.pddl, 180, 180, false
true, ferry, p62.pddl, 285, 285, false
false, ferry, p64.pddl, 220, 220, false
true, ferry, p34.pddl, 198, 198, false
true, ferry, p35.pddl, 192, 192, false
true, ferry, p64.pddl, 270, 270, false
true, ferry, p36.pddl, 245, 245, false
true, ferry, p37.pddl, 223, 223, false
false, ferry, p65.pddl, 235, 235, false
true, ferry, p38.pddl, 209, 209, false
false, ferry, p66.pddl, 222, 222, false
true, ferry, p65.pddl, 317, 317, false
true, ferry, p40.pddl, 220, 220, false
true, ferry, p41.pddl, 220, 220, false
false, ferry, p67.pddl, 234, 234, false
true, ferry, p42.pddl, 224, 224, false
true, ferry, p43.pddl, 257, 257, false
false, ferry, p68.pddl, 272, 272, false
true, ferry, p44.pddl, 254, 254, false
true, ferry, p47.pddl, 217, 217, false
true, ferry, p45.pddl, 234, 234, false
true, ferry, p48.pddl, 244, 244, false
true, ferry, p46.pddl, 253, 253, false
true, ferry, p49.pddl, 206, 206, false
false, ferry, p69.pddl, 193, 193, false
true, ferry, p50.pddl, 203, 203, false
false, ferry, p70.pddl, 201, 201, false
true, ferry, p51.pddl, 201, 201, false
false, ferry, p58.pddl, 170, 170, false
false, ferry, p71.pddl, 197, 197, false
true, ferry, p39.pddl, 176, 176, false
true, ferry, p54.pddl, 224, 224, false
true, ferry, p55.pddl, 222, 222, false
false, ferry, p72.pddl, 196, 196, false
false, ferry, p73.pddl, 196, 196, false
false, ferry, p74.pddl, 256, 256, false
true, ferry, p60.pddl, 284, 284, false
true, ferry, p56.pddl, 253, 253, false
false, ferry, p75.pddl, 243, 243, false
true, ferry, p28.pddl, 180, 180, false
true, ferry, p57.pddl, 260, 260, false
false, ferry, p77.pddl, 242, 242, false
true, ferry, p69.pddl, 338, 338, false
true, ferry, p58.pddl, 275, 275, false
true, ferry, p74.pddl, 345, 345, false
true, ferry, p68.pddl, 321, 321, false
false, ferry, p76.pddl, 253, 253, false
true, ferry, p72.pddl, 333, 333, false
true, ferry, p70.pddl, 326, 326, false
true, ferry, p76.pddl, 393, 393, false
true, ferry, p53.pddl, 249, 249, false
true, ferry, p73.pddl, 350, 350, false
true, ferry, p52.pddl, 257, 257, false
true, ferry, p66.pddl, 304, 304, false
true, ferry, p63.pddl, 303, 303, false
true, ferry, p67.pddl, 293, 293, false
true, ferry, p71.pddl, 341, 341, false
true, ferry, p75.pddl, 337, 337, false
true, ferry, p77.pddl, 372, 372, false
false, ferry, p79.pddl, 255, 255, false
false, ferry, p78.pddl, 252, 252, false
false, ferry, p81.pddl, 264, 264, false
true, ferry, p79.pddl, 402, 402, false
true, ferry, p78.pddl, 394, 394, false
false, ferry, p80.pddl, 248, 248, false
true, ferry, p81.pddl, 413, 413, false
false, ferry, p82.pddl, 264, 264, false
true, ferry, p80.pddl, 400, 400, false
false, ferry, p83.pddl, 248, 248, false
true, ferry, p82.pddl, 408, 408, false
false, ferry, p84.pddl, 289, 289, false
true, ferry, p83.pddl, 410, 410, false
false, ferry, p85.pddl, 274, 274, false
false, ferry, p86.pddl, 247, 247, false
true, ferry, p84.pddl, 456, 456, false
true, ferry, p85.pddl, 451, 451, false
false, ferry, p88.pddl, 266, 266, false
false, ferry, p87.pddl, 266, 266, false
true, ferry, p86.pddl, 446, 446, false
true, ferry, p88.pddl, 457, 457, false
false, ferry, p90.pddl, 286, 286, false
false, ferry, p89.pddl, 280, 280, false
true, ferry, p87.pddl, 453, 453, false
false, ferry, p91.pddl, 267, 267, false
false, ferry, p92.pddl, 292, 292, false
true, ferry, p90.pddl, 463, 463, false
true, ferry, p91.pddl, 474, 474, false
true, ferry, p89.pddl, 475, 475, false
false, ferry, p93.pddl, 284, 284, false
false, ferry, p96.pddl, 314, 314, false
true, ferry, p92.pddl, 516, 516, false
false, ferry, p98.pddl, 309, 309, false
false, ferry, p95.pddl, 302, 302, false
false, ferry, p94.pddl, 290, 290, false
false, ferry, p97.pddl, 291, 291, false
false, ferry, p101.pddl, 144, 144, false
true, ferry, p93.pddl, 514, 514, false
true, ferry, p96.pddl, 553, 553, false
false, ferry, p99.pddl, 302, 302, false
true, ferry, p98.pddl, 534, 534, false
false, ferry, p102.pddl, 171, 171, false
true, ferry, p99.pddl, 524, 524, false
false, ferry, p104.pddl, 150, 150, false
true, ferry, p101.pddl, 162, 162, false
true, ferry, p95.pddl, 529, 529, false
false, ferry, p100.pddl, 142, 142, false
false, ferry, p108.pddl, 170, 170, false
true, ferry, p94.pddl, 532, 532, false
true, ferry, p97.pddl, 532, 532, false
false, ferry, p103.pddl, 149, 149, false
false, ferry, p105.pddl, 150, 150, false
true, ferry, p102.pddl, 158, 158, false
false, ferry, p113.pddl, 181, 181, false
false, ferry, p106.pddl, 170, 170, false
false, ferry, p107.pddl, 208, 208, false
true, ferry, p104.pddl, 186, 186, false
false, ferry, p109.pddl, 187, 187, false
true, ferry, p100.pddl, 171, 171, false
false, ferry, p110.pddl, 193, 193, false
false, ferry, p117.pddl, 238, 238, false
true, ferry, p108.pddl, 227, 227, false
false, ferry, p112.pddl, 212, 212, false
true, ferry, p103.pddl, 187, 187, false
true, ferry, p105.pddl, 184, 184, false
false, ferry, p119.pddl, 242, 242, false
false, ferry, p111.pddl, 186, 186, false
false, ferry, p115.pddl, 205, 205, false
true, ferry, p106.pddl, 198, 198, false
true, ferry, p113.pddl, 253, 253, false
false, ferry, p114.pddl, 201, 201, false
true, ferry, p107.pddl, 207, 207, false
true, ferry, p109.pddl, 228, 228, false
false, ferry, p116.pddl, 214, 214, false
true, ferry, p110.pddl, 221, 221, false
true, ferry, p116.pddl, 308, 308, false
false, ferry, p118.pddl, 235, 235, false
true, ferry, p117.pddl, 299, 299, false
true, ferry, p112.pddl, 234, 234, false
true, ferry, p118.pddl, 285, 285, false
false, ferry, p121.pddl, 205, 205, false
false, ferry, p120.pddl, 234, 234, false
true, ferry, p119.pddl, 287, 287, false
true, ferry, p111.pddl, 197, 197, false
true, ferry, p115.pddl, 233, 233, false
true, ferry, p121.pddl, 319, 319, false
true, ferry, p120.pddl, 306, 306, false
true, ferry, p114.pddl, 226, 226, false
false, ferry, p123.pddl, 217, 217, false
false, ferry, p122.pddl, 213, 213, false
true, ferry, p123.pddl, 366, 366, false
false, ferry, p124.pddl, 235, 235, false
true, ferry, p122.pddl, 350, 350, false
false, ferry, p125.pddl, 239, 239, false
true, ferry, p124.pddl, 369, 369, false
false, ferry, p126.pddl, 253, 253, false
true, ferry, p125.pddl, 405, 405, false
false, ferry, p127.pddl, 252, 252, false
true, ferry, p126.pddl, 416, 416, false
true, ferry, p127.pddl, 432, 432, false
false, ferry, p129.pddl, 270, 270, false
false, ferry, p128.pddl, 258, 258, false
true, ferry, p129.pddl, 498, 498, false
false, ferry, p130.pddl, 232, 232, false
true, ferry, p128.pddl, 479, 479, false
false, ferry, p131.pddl, 265, 265, false
true, ferry, p130.pddl, 505, 505, false
false, ferry, p133.pddl, 354, 354, false
true, ferry, p131.pddl, 639, 639, false
false, ferry, p132.pddl, 319, 319, false
false, ferry, p134.pddl, 401, 401, false
true, ferry, p133.pddl, 993, 993, false
false, ferry, p135.pddl, 484, 484, false
true, ferry, p132.pddl, 810, 810, false
false, ferry, p137.pddl, 616, 616, false
true, ferry, p134.pddl, 1217, 1217, false
true, ferry, p135.pddl, 1464, 1464, false
false, ferry, p136.pddl, 550, 550, false
false, ferry, p139.pddl, 810, 810, false
true, ferry, p137.pddl, 2116, 2116, false
false, ferry, p138.pddl, 698, 698, false
true, ferry, p136.pddl, 1769, 1769, false
false, ferry, p140.pddl, 923, 923, false
true, ferry, p139.pddl, 3022, 3022, false
false, ferry, p141.pddl, 1096, 1096, false
true, ferry, p138.pddl, 2508, 2508, false
false, ferry, p142.pddl, 1170, 1170, false
true, ferry, p140.pddl, 3419, 3419, false
false, ferry, p143.pddl, 1288, 1288, false
true, ferry, p141.pddl, 3946, 3946, false
false, ferry, p144.pddl, 1474, 1474, false
true, ferry, p142.pddl, 4924, 4924, false
false, ferry, p145.pddl, 1628, 1628, false
true, ferry, p143.pddl, 5293, 5293, false
false, ferry, p146.pddl, 1770, 1770, false
true, ferry, p144.pddl, 6215, 6215, false
false, ferry, p148.pddl, 2345, 2345, false
true, ferry, p145.pddl, 7525, 7525, false
false, ferry, p147.pddl, 2092, 2092, false
false, ferry, p149.pddl, 2712, 2712, false
false, ferry, p150.pddl, 2868, 2868, false
true, ferry, p146.pddl, 8089, 8089, false
false, ferry, p151.pddl, 3224, 3224, false
true, ferry, p148.pddl, 10943, 10943, false
false, ferry, p152.pddl, 3641, 3641, false
true, ferry, p147.pddl, 10452, 10452, false
true, ferry, p151.pddl, 14747, 14747, false
true, ferry, p149.pddl, 12053, 12053, false
false, ferry, p153.pddl, 4034, 4034, false
true, ferry, p150.pddl, 13577, 13577, false
false, ferry, p154.pddl, 4220, 4220, false
false, ferry, p155.pddl, 4810, 4810, false
true, ferry, p152.pddl, 16384, 16384, false
false, ferry, p157.pddl, 5663, 5663, false
false, ferry, p156.pddl, 5032, 5032, false
false, ferry, p158.pddl, 6020, 6020, false
false, ferry, p160.pddl, 81552, 81552, false
true, ferry, p153.pddl, 18051, 18051, false
true, ferry, p154.pddl, 13321, 13321, false
false, ferry, p159.pddl, 6852, 6852, false
true, ferry, p155.pddl, 15180, 15180, false
true, ferry, p160.pddl, 11514, 11514, false
false, ferry, p163.pddl, 441289, 441289, false
true, ferry, p159.pddl, 13662, 13662, false
false, ferry, p162.pddl, 240883, 240883, false
true, ferry, p157.pddl, 13632, 13632, false
false, ferry, p161.pddl, 141363, 141363, false
true, ferry, p156.pddl, 13706, 13706, false
true, ferry, p162.pddl, 15875, 15875, false
true, ferry, p158.pddl, 13128, 13128, false
false, ferry, p165.pddl, 847912, 847912, false
false, ferry, p164.pddl, 630009, 630009, false
true, ferry, p163.pddl, 14232, 14232, false
false, ferry, p166.pddl, 1346809, 1346809, false
false, ferry, p167.pddl, 1720718, 1720718, false
true, ferry, p161.pddl, 15928, 15928, false
true, ferry, p165.pddl, 14288, 14288, false
true, ferry, p164.pddl, 14900, 14900, false
true, ferry, p167.pddl, 18238, 18238, false
true, ferry, p166.pddl, 18291, 18291, false
true, ferry, p168.pddl, 14178, 14178, false
true, ferry, p170.pddl, 13255, 13255, false
true, ferry, p169.pddl, 14384, 14384, false
true, ferry, p171.pddl, 13066, 13066, false
true, ferry, p172.pddl, 15077, 15077, false
true, ferry, p173.pddl, 12853, 12853, false
true, ferry, p175.pddl, 11206, 11206, false
false, ferry, p177.pddl, 85025, 85025, false
true, ferry, p174.pddl, 11590, 11590, false
false, ferry, p176.pddl, 80594, 80594, false
true, ferry, p177.pddl, 9403, 9403, false
true, ferry, p176.pddl, 10316, 10316, false
false, ferry, p179.pddl, 102748, 102748, false
false, ferry, p178.pddl, 81406, 81406, false
false, ferry, p180.pddl, 87786, 87786, false
true, ferry, p179.pddl, 6437, 6437, false
true, ferry, p178.pddl, 6327, 6327, false
true, ferry, p180.pddl, 6369, 6369, false
false, ferry, p181.pddl, 92860, 92860, false
false, ferry, p182.pddl, 99716, 99716, false
false, ferry, p183.pddl, 103213, 103213, false
false, ferry, p184.pddl, 112078, 112078, false
false, ferry, p185.pddl, 118372, 118372, false
true, ferry, p181.pddl, 9095, 9095, false
false, ferry, p186.pddl, 124912, 124912, false
false, ferry, p187.pddl, 130354, 130354, false
false, miconic, p3.pddl, 123, 123, false
true, ferry, p182.pddl, 9140, 9140, false
false, ferry, p188.pddl, 138201, 138201, false
true, ferry, p183.pddl, 8859, 8859, false
true, ferry, p185.pddl, 9117, 9117, false
false, ferry, p189.pddl, 145529, 145529, false
false, miconic, p1.pddl, 123, 123, false
true, miconic, p3.pddl, 153, 153, false
true, ferry, p184.pddl, 9020, 9020, false
false, miconic, p2.pddl, 120, 120, false
false, miconic, p4.pddl, 186, 186, false
true, ferry, p186.pddl, 9334, 9334, false
false, miconic, p5.pddl, 181, 181, false
false, miconic, p6.pddl, 196, 196, false
false, miconic, p7.pddl, 215, 215, false
true, ferry, p187.pddl, 7152, 7152, false
false, miconic, p8.pddl, 172, 172, false
true, ferry, p188.pddl, 9223, 9223, false
false, miconic, p11.pddl, 209, 209, false
true, ferry, p189.pddl, 10117, 10117, false
true, miconic, p1.pddl, 740, 740, false
false, miconic, p10.pddl, 193, 193, false
true, miconic, p2.pddl, 724, 724, false
true, miconic, p4.pddl, 745, 745, false
true, miconic, p5.pddl, 730, 730, false
true, miconic, p6.pddl, 642, 642, false
true, miconic, p8.pddl, 604, 604, false
true, miconic, p7.pddl, 602, 602, false
true, miconic, p11.pddl, 604, 604, false
true, miconic, p10.pddl, 573, 573, false
false, miconic, p9.pddl, 156, 156, false
false, miconic, p53.pddl, 216, 216, false
false, miconic, p12.pddl, 151, 151, false
true, miconic, p9.pddl, 499, 499, false
true, miconic, p53.pddl, 507, 507, false
true, miconic, p12.pddl, 453, 453, false
false, miconic, p54.pddl, 175, 175, false
false, miconic, p55.pddl, 217, 217, false
false, miconic, p13.pddl, 173, 173, false
true, miconic, p54.pddl, 352, 352, false
false, miconic, p57.pddl, 243, 243, false
false, miconic, p56.pddl, 199, 199, false
false, miconic, p59.pddl, 213, 213, false
true, miconic, p13.pddl, 211, 211, false
true, miconic, p55.pddl, 251, 251, false
false, miconic, p15.pddl, 179, 179, false
true, miconic, p57.pddl, 239, 239, false
true, miconic, p56.pddl, 238, 238, false
false, miconic, p58.pddl, 217, 217, false
true, miconic, p59.pddl, 240, 240, false
false, miconic, p60.pddl, 209, 209, false
false, miconic, p14.pddl, 167, 167, false
false, miconic, p61.pddl, 213, 213, false
true, miconic, p60.pddl, 276, 276, false
false, miconic, p20.pddl, 176, 176, false
false, miconic, p62.pddl, 160, 160, false
false, miconic, p64.pddl, 146, 146, false
false, miconic, p28.pddl, 140, 140, false
true, miconic, p15.pddl, 175, 175, false
false, miconic, p16.pddl, 123, 123, false
true, miconic, p28.pddl, 138, 138, false
false, miconic, p63.pddl, 150, 150, false
false, miconic, p65.pddl, 170, 170, false
false, miconic, p17.pddl, 152, 152, false
false, miconic, p18.pddl, 139, 139, false
false, miconic, p52.pddl, 154, 154, false
false, miconic, p49.pddl, 150, 150, false
true, miconic, p65.pddl, 246, 246, false
false, miconic, p51.pddl, 201, 201, false
true, miconic, p58.pddl, 201, 201, false
false, miconic, p66.pddl, 208, 208, false
false, miconic, p19.pddl, 144, 144, false
false, miconic, p68.pddl, 204, 204, false
false, miconic, p67.pddl, 206, 206, false
false, miconic, p69.pddl, 164, 164, false
true, miconic, p14.pddl, 135, 135, false
false, miconic, p21.pddl, 128, 128, false
false, miconic, p70.pddl, 157, 157, false
false, miconic, p22.pddl, 138, 138, false
false, miconic, p23.pddl, 144, 144, false
false, miconic, p24.pddl, 143, 143, false
false, miconic, p25.pddl, 155, 155, false
true, miconic, p61.pddl, 218, 218, false
false, miconic, p26.pddl, 138, 138, false
false, miconic, p27.pddl, 143, 143, false
true, miconic, p20.pddl, 134, 134, false
false, miconic, p29.pddl, 149, 149, false
true, miconic, p62.pddl, 250, 250, false
false, miconic, p31.pddl, 191, 191, false
true, miconic, p29.pddl, 184, 184, false
false, miconic, p30.pddl, 192, 192, false
false, miconic, p32.pddl, 214, 214, false
false, miconic, p33.pddl, 203, 203, false
true, miconic, p64.pddl, 251, 251, false
false, miconic, p34.pddl, 192, 192, false
false, miconic, p35.pddl, 183, 183, false
false, miconic, p36.pddl, 173, 173, false
false, miconic, p37.pddl, 168, 168, false
false, miconic, p38.pddl, 173, 173, false
false, miconic, p39.pddl, 226, 226, false
false, miconic, p40.pddl, 261, 261, false
false, miconic, p41.pddl, 307, 307, false
false, miconic, p42.pddl, 202, 202, false
true, miconic, p16.pddl, 164, 164, false
false, miconic, p44.pddl, 289, 289, false
false, miconic, p43.pddl, 201, 201, false
false, miconic, p45.pddl, 189, 189, false
false, miconic, p46.pddl, 303, 303, false
true, miconic, p63.pddl, 562, 562, false
false, miconic, p47.pddl, 392, 392, false
false, miconic, p48.pddl, 303, 303, false
false, miconic, p50.pddl, 231, 231, false
true, miconic, p17.pddl, 158, 158, false
true, miconic, p18.pddl, 157, 157, false
true, miconic, p52.pddl, 331, 331, false
true, miconic, p49.pddl, 207, 207, false
true, miconic, p51.pddl, 210, 210, false
true, miconic, p66.pddl, 286, 286, false
true, miconic, p19.pddl, 257, 257, false
true, miconic, p68.pddl, 366, 366, false
true, miconic, p67.pddl, 405, 405, false
true, miconic, p69.pddl, 305, 305, false
true, miconic, p21.pddl, 207, 207, false
true, miconic, p22.pddl, 239, 239, false
true, miconic, p23.pddl, 341, 341, false
true, miconic, p26.pddl, 324, 324, false
true, miconic, p27.pddl, 193, 193, false
true, miconic, p25.pddl, 169, 169, false
true, miconic, p30.pddl, 219, 219, false
true, miconic, p32.pddl, 183, 183, false
true, miconic, p33.pddl, 413, 413, false
true, miconic, p34.pddl, 210, 210, false
true, miconic, p24.pddl, 171, 171, false
true, miconic, p35.pddl, 188, 188, false
true, miconic, p70.pddl, 336, 336, false
true, miconic, p36.pddl, 197, 197, false
true, miconic, p38.pddl, 195, 195, false
true, miconic, p37.pddl, 158, 158, false
true, miconic, p42.pddl, 215, 215, false
true, miconic, p45.pddl, 226, 226, false
true, miconic, p46.pddl, 225, 225, false
true, miconic, p47.pddl, 303, 303, false
true, miconic, p43.pddl, 275, 275, false
true, miconic, p50.pddl, 267, 267, false
true, miconic, p44.pddl, 240, 240, false
true, miconic, p31.pddl, 316, 316, false
true, miconic, p41.pddl, 215, 215, false
true, miconic, p39.pddl, 144, 144, false
true, miconic, p40.pddl, 152, 152, false
true, miconic, p48.pddl, 160, 160, false
false, miconic, p71.pddl, 152, 152, false
false, miconic, p72.pddl, 181, 181, false
false, miconic, p73.pddl, 187, 187, false
false, miconic, p74.pddl, 213, 213, false
false, miconic, p75.pddl, 216, 216, false
false, miconic, p76.pddl, 245, 245, false
false, miconic, p77.pddl, 327, 327, false
false, miconic, p78.pddl, 324, 324, false
false, miconic, p79.pddl, 334, 334, false
false, miconic, p80.pddl, 161, 161, false
false, miconic, p81.pddl, 327, 327, false
false, miconic, p82.pddl, 240, 240, false
false, miconic, p83.pddl, 218, 218, false
false, miconic, p84.pddl, 210, 210, false
false, miconic, p85.pddl, 204, 204, false
false, miconic, p86.pddl, 235, 235, false
false, miconic, p87.pddl, 268, 268, false
false, miconic, p88.pddl, 232, 232, false
false, miconic, p89.pddl, 237, 237, false
false, miconic, p90.pddl, 259, 259, false
false, miconic, p91.pddl, 249, 249, false
false, miconic, p92.pddl, 205, 205, false
false, miconic, p105.pddl, 195, 195, false
false, miconic, p94.pddl, 243, 243, false
false, miconic, p95.pddl, 244, 244, false
false, miconic, p96.pddl, 255, 255, false
false, miconic, p97.pddl, 226, 226, false
false, miconic, p98.pddl, 255, 255, false
false, miconic, p99.pddl, 229, 229, false
false, miconic, p100.pddl, 150, 150, false
false, miconic, p101.pddl, 162, 162, false
false, miconic, p102.pddl, 134, 134, false
true, miconic, p90.pddl, 478, 478, false
true, miconic, p84.pddl, 416, 416, false
true, miconic, p73.pddl, 290, 290, false
true, miconic, p82.pddl, 364, 364, false
true, miconic, p81.pddl, 378, 378, false
false, miconic, p123.pddl, 198, 198, false
false, miconic, p122.pddl, 194, 194, false
true, miconic, p105.pddl, 166, 166, false
false, miconic, p115.pddl, 176, 176, false
true, miconic, p97.pddl, 563, 563, false
true, miconic, p95.pddl, 563, 563, false
true, miconic, p115.pddl, 276, 276, false
false, miconic, p113.pddl, 216, 216, false
true, miconic, p80.pddl, 394, 394, false
true, miconic, p87.pddl, 445, 445, false
false, miconic, p121.pddl, 205, 205, false
true, miconic, p89.pddl, 479, 479, false
false, miconic, p124.pddl, 215, 215, false
true, miconic, p91.pddl, 537, 537, false
true, miconic, p94.pddl, 539, 539, false
true, miconic, p79.pddl, 365, 365, false
true, miconic, p92.pddl, 537, 537, false
true, miconic, p75.pddl, 367, 367, false
true, miconic, p83.pddl, 424, 424, false
true, miconic, p88.pddl, 475, 475, false
false, miconic, p103.pddl, 169, 169, false
true, miconic, p72.pddl, 365, 365, false
false, miconic, p126.pddl, 222, 222, false
false, miconic, p104.pddl, 209, 209, false
false, miconic, p111.pddl, 208, 208, false
false, miconic, p125.pddl, 243, 243, false
true, miconic, p71.pddl, 265, 265, false
false, miconic, p108.pddl, 139, 139, false
false, miconic, p110.pddl, 133, 133, false
false, miconic, p116.pddl, 195, 195, false
true, miconic, p99.pddl, 524, 524, false
true, miconic, p101.pddl, 165, 165, false
true, miconic, p102.pddl, 197, 197, false
false, miconic, p107.pddl, 191, 191, false
true, miconic, p113.pddl, 219, 219, false
true, miconic, p77.pddl, 356, 356, false
false, miconic, p112.pddl, 194, 194, false
true, miconic, p124.pddl, 406, 406, false
true, miconic, p123.pddl, 381, 381, false
true, miconic, p86.pddl, 459, 459, false
true, miconic, p96.pddl, 566, 566, false
true, miconic, p121.pddl, 326, 326, false
false, miconic, p109.pddl, 186, 186, false
true, miconic, p98.pddl, 565, 565, false
true, miconic, p100.pddl, 184, 184, false
true, miconic, p74.pddl, 310, 310, false
false, miconic, p119.pddl, 204, 204, false
false, miconic, p117.pddl, 183, 183, false
false, miconic, p114.pddl, 200, 200, false
true, miconic, p122.pddl, 335, 335, false
true, miconic, p78.pddl, 355, 355, false
false, miconic, p118.pddl, 185, 185, false
true, miconic, p76.pddl, 354, 354, false
false, miconic, p106.pddl, 203, 203, false
true, miconic, p85.pddl, 673, 673, false
true, miconic, p103.pddl, 327, 327, false
true, miconic, p104.pddl, 204, 204, false
true, miconic, p111.pddl, 191, 191, false
true, miconic, p125.pddl, 468, 468, false
true, miconic, p108.pddl, 179, 179, false
true, miconic, p110.pddl, 173, 173, false
true, miconic, p116.pddl, 244, 244, false
false, miconic, p120.pddl, 241, 241, false
false, miconic, p93.pddl, 242, 242, false
true, miconic, p107.pddl, 197, 197, false
true, miconic, p112.pddl, 214, 214, false
true, miconic, p126.pddl, 484, 484, false
true, miconic, p109.pddl, 189, 189, false
true, miconic, p119.pddl, 286, 286, false
true, miconic, p117.pddl, 259, 259, false
true, miconic, p114.pddl, 210, 210, false
true, miconic, p118.pddl, 297, 297, false
true, miconic, p106.pddl, 177, 177, false
true, miconic, p120.pddl, 311, 311, false
true, miconic, p93.pddl, 525, 525, false
false, miconic, p127.pddl, 230, 230, false
false, miconic, p128.pddl, 265, 265, false
false, miconic, p129.pddl, 214, 214, false
false, miconic, p130.pddl, 314, 314, false
false, miconic, p131.pddl, 335, 335, false
false, miconic, p132.pddl, 337, 337, false
true, miconic, p127.pddl, 536, 536, false
true, miconic, p128.pddl, 518, 518, false
false, miconic, p133.pddl, 328, 328, false
false, miconic, p140.pddl, 431, 431, false
false, miconic, p134.pddl, 334, 334, false
false, miconic, p135.pddl, 338, 338, false
false, miconic, p136.pddl, 346, 346, false
true, miconic, p129.pddl, 575, 575, false
true, miconic, p130.pddl, 2404, 2404, false
false, miconic, p138.pddl, 422, 422, false
false, miconic, p137.pddl, 408, 408, false
false, miconic, p148.pddl, 680, 680, false
true, miconic, p131.pddl, 2963, 2963, false
true, miconic, p132.pddl, 3702, 3702, false
false, miconic, p139.pddl, 400, 400, false
false, miconic, p153.pddl, 793, 793, false
false, miconic, p141.pddl, 462, 462, false
true, miconic, p133.pddl, 4007, 4007, false
false, miconic, p142.pddl, 473, 473, false
true, miconic, p140.pddl, 10667, 10667, false
true, miconic, p134.pddl, 4773, 4773, false
false, miconic, p144.pddl, 545, 545, false
true, miconic, p135.pddl, 5521, 5521, false
true, miconic, p144.pddl, 17215, 17215, false
false, miconic, p145.pddl, 699, 699, false
false, miconic, p146.pddl, 726, 726, false
true, miconic, p136.pddl, 6605, 6605, false
true, miconic, p138.pddl, 8555, 8555, false
false, miconic, p147.pddl, 721, 721, false
false, miconic, p149.pddl, 769, 769, false
false, miconic, p150.pddl, 826, 826, false
true, miconic, p137.pddl, 7491, 7491, false
false, miconic, p152.pddl, 1022, 1022, false
false, miconic, p151.pddl, 877, 877, false
true, miconic, p148.pddl, 26298, 26298, false
true, miconic, p151.pddl, 34421, 34421, false
false, miconic, p155.pddl, 1070, 1070, false
true, miconic, p139.pddl, 9756, 9756, false
false, miconic, p154.pddl, 987, 987, false
false, miconic, p143.pddl, 568, 568, false
true, miconic, p153.pddl, 41518, 41518, false
false, miconic, p157.pddl, 1088, 1088, false
false, miconic, p158.pddl, 1271, 1271, false
true, miconic, p141.pddl, 12614, 12614, false
false, miconic, p159.pddl, 1289, 1289, false
false, miconic, p160.pddl, 1445, 1445, false
false, miconic, p161.pddl, 1809, 1809, false
false, miconic, p162.pddl, 2610, 2610, false
false, miconic, p163.pddl, 2777, 2777, false
false, miconic, p164.pddl, 3910, 3910, false
false, miconic, p166.pddl, 5908, 5908, false
false, miconic, p168.pddl, 7109, 7109, false
false, miconic, p167.pddl, 6684, 6684, false
false, miconic, p169.pddl, 8776, 8776, false
false, miconic, p170.pddl, 9474, 9474, false
true, miconic, p145.pddl, 19371, 19371, false
false, miconic, p171.pddl, 12042, 12042, false
true, miconic, p146.pddl, 21786, 21786, false
false, miconic, p172.pddl, 14742, 14742, false
false, miconic, p174.pddl, 19452, 19452, false
false, miconic, p173.pddl, 15958, 15958, false
true, miconic, p147.pddl, 24233, 24233, false
true, miconic, p149.pddl, 29271, 29271, false
true, miconic, p150.pddl, 31997, 31997, false
true, miconic, p152.pddl, 39023, 39023, false
false, miconic, p156.pddl, 1214, 1214, false
true, miconic, p155.pddl, 49441, 49441, false
true, miconic, p154.pddl, 45492, 45492, false
false, miconic, p165.pddl, 4713, 4713, false
true, miconic, p143.pddl, 15687, 15687, false
true, miconic, p157.pddl, 58582, 58582, false
true, miconic, p158.pddl, 63401, 63401, false
true, miconic, p142.pddl, 14068, 14068, false
true, miconic, p159.pddl, 68129, 68129, false
true, miconic, p160.pddl, 105930, 105930, false
true, miconic, p161.pddl, 159372, 159372, false
true, miconic, p162.pddl, 6799, 6799, false
true, miconic, p163.pddl, 5786, 5786, false
true, miconic, p164.pddl, 5982, 5982, false
true, miconic, p166.pddl, 6298, 6298, false
true, miconic, p168.pddl, 6523, 6523, false
true, miconic, p167.pddl, 6390, 6390, false
true, miconic, p169.pddl, 6650, 6650, false
true, miconic, p170.pddl, 6777, 6777, false
true, miconic, p171.pddl, 6864, 6864, false
true, miconic, p172.pddl, 7034, 7034, false
true, miconic, p174.pddl, 7188, 7188, false
true, miconic, p173.pddl, 7085, 7085, false
true, miconic, p156.pddl, 52286, 52286, false
true, miconic, p165.pddl, 6152, 6152, false
false, miconic, p175.pddl, 19378, 19378, false
false, miconic, p176.pddl, 21871, 21871, false
false, miconic, p177.pddl, 25424, 25424, false
false, miconic, p178.pddl, 30459, 30459, false
false, miconic, p179.pddl, 31741, 31741, false
false, miconic, p180.pddl, 36363, 36363, false
false, miconic, p181.pddl, 43443, 43443, false
false, miconic, p182.pddl, 44374, 44374, false
true, miconic, p175.pddl, 7649, 7649, false
true, miconic, p176.pddl, 7804, 7804, false
true, miconic, p177.pddl, 7724, 7724, false
true, miconic, p178.pddl, 7729, 7729, false
false, miconic, p185.pddl, 65841, 65841, false
true, miconic, p179.pddl, 7847, 7847, false
false, miconic, p184.pddl, 60058, 60058, false
true, miconic, p180.pddl, 7987, 7987, false
true, miconic, p181.pddl, 8021, 8021, false
false, miconic, p183.pddl, 50400, 50400, false
true, miconic, p182.pddl, 7907, 7907, false
false, miconic, p186.pddl, 68343, 68343, false
false, miconic, p187.pddl, 78583, 78583, false
true, miconic, p185.pddl, 8289, 8289, false
false, miconic, p188.pddl, 78573, 78573, false
false, miconic, p189.pddl, 87136, 87136, false
true, miconic, p183.pddl, 7997, 7997, false
true, miconic, p184.pddl, 8038, 8038, false
true, miconic, p186.pddl, 8107, 8107, false
true, miconic, p187.pddl, 8538, 8538, false
true, miconic, p188.pddl, 8825, 8825, false
true, miconic, p189.pddl, 8684, 8684, false
